<?xml version="1.0" encoding="UTF-8"?>
<beans xmlns= "http://www.springframework.org/schema/beans"
	xmlns:xsi= "http://www.w3.org/2001/XMLSchema-instance"
	xmlns:context= "http://www.springframework.org/schema/context"
	xmlns:tx="http://www.springframework.org/schema/tx"
	xsi:schemaLocation="http://www.springframework.org/schema/beans http://www.springframework.org/schema/beans/spring-beans.xsd
		http://www.springframework.org/schema/context http://www.springframework.org/schema/context/spring-context-4.3.xsd
		http://www.springframework.org/schema/tx http://www.springframework.org/schema/tx/spring-tx-4.3.xsd">

	<context:annotation-config />
	<tx:annotation-driven />

	<!-- Datasource -->

	<bean id="dataSource" class="org.springframework.jdbc.datasource.DriverManagerDataSource">
		<property name="driverClassName" value="com.mysql.jdbc.Driver" />
		<property name="url" value="jdbc:mysql://localhost:3306/pruebas" />
		<property name="username" value="root" />
		<property name="password" value="root" />
	</bean>

	<!--  sqlSessionFactory -->
	<bean id="sqlSessionFactory" class="org.mybatis.spring.SqlSessionFactoryBean">
		<property name="dataSource" ref="dataSource" />
	</bean>
	
	<!-- mapper -->
	<bean id="mapper" class="">
		<property name="mapperInterface" value="com.app.spring.orm.SpringORMMyibatis" />
		<property name="sqlSessionFactory" ref="sqlSessionFactory"/>
	</bean>
	
	<bean id="serviceUser" class="com.app.spring.orm.SpringORMMyibatis.ServiceUser" />
	
</beans>